X1,X2,X3,X4,X5,X6,X7,y
0.14136985095224816,0.23715357737348589,0.07255823495516979,0.13090289062387955,-0.14487852291352896,-0.22820719350820193,0.044929729673485824,1.0
0.03696965587326993,0.22488012994332587,0.06088899497451352,0.13770550231607864,-0.18806974594644535,-0.14865742416390373,0.2028285467824629,1.0
0.06274418067793303,0.2786139923750743,0.07030749841268447,0.15666892234989452,-0.14706330027208842,-0.16570244075919588,0.11889966515312944,0.0
0.2056913277432881,-0.08455145217356022,-0.16004031185603934,-0.13605502320325305,0.1776569040177452,-0.08329907844778342,-0.15270590255833058,0.0
-0.20301120252182475,-0.021812994755958954,0.08281638210188781,-0.11981640934199883,0.216591000623547,0.2550380942461541,0.10091391640862854,
0.0333309077523523,0.23208091420858076,0.07205609991010363,0.11629883631194024,-0.21633899506518262,-0.21614619894966977,0.11374804780217068,0.0
0.06100698464534491,0.1467686026238302,0.04750126575452412,0.17012397749169914,-0.1965731369686581,-0.2287613634516916,0.14926466906425181,0.0
0.14788993310709758,-0.17389603397503317,-0.15135437978380625,-0.11565325250527649,0.1707415396866571,-0.1073614657147227,-0.13310339522740675,1.0
0.25017718429729785,-0.10547468015008078,-0.1663476293020205,-0.005535913633561103,0.26011947709230837,-0.06060209945997913,-0.15174301606475224,2.0
-0.19957399565366998,-0.03448906236662127,0.21865656832391073,-0.18923977858075702,0.1607110997810677,0.19385639796080587,-0.0034730973331673605,0.0
0.16892242562325685,-0.13222683768949173,-0.12244767986217542,-0.12762281105551557,0.1789041318517527,-0.08872504680935703,-0.18115106710845072,0.0
-0.21637484984999955,0.014847740228845725,0.241767173135748,-0.11030410694067845,0.14490968586962122,0.21008133741383658,0.06171510656127041,2.0
-0.19419447103857168,-0.046266909678959446,0.1950743225468648,-0.21829365044454946,0.10789441850453038,0.21405618865572337,0.02422003913080093,2.0
0.05297366157522341,0.25396333022797024,0.05146046185800339,0.12458250771533622,-0.13243243980169045,-0.23730215614319888,0.14728544267857746,0.0
0.18924434307719348,-0.05025355027893561,-0.14033441037013644,-0.16351832015305262,0.20463306588951985,-0.07862094207907666,-0.1733953681520853,2.0
0.18812646761134533,-0.18031531880256146,-0.10290241312864355,-0.08990527712693196,0.2364818674684841,-0.09481006012136042,-0.10745859574067311,0.0
-0.19310128530832776,-0.016819205595759352,0.17755642952677902,-0.21769442353230026,0.1855057474260195,0.16354480250065234,-0.04577810611016188,1.0
0.08920388142211572,0.2584166862930854,0.05644630022674876,0.05155009916625549,-0.1475401465474277,-0.25626286268601284,0.14058002365835406,0.0
-0.16725620779476585,-0.0675608815698371,0.1650616509325376,-0.16124317430328736,0.15422362300542264,0.22278189711843732,0.06187256527571215,2.0
0.09997482396813938,0.22610664250879436,0.011925587956789321,0.1400920986665256,-0.20427622392432965,-0.19607408776804638,0.12155053520737533,1.0
0.06555175786641192,0.2727005997035336,-0.026763486240100613,0.07015888974608374,-0.19115667166313377,-0.2320205315974238,0.14164806318331252,0.0
0.2510209755790088,-0.10828582193421157,-0.20939898575479493,-0.07298891370458752,0.22841213697940646,-0.061991801527207104,-0.06790136452078378,1.0
0.23893197073443465,-0.08531018711748205,-0.13377538713041306,-0.18827027543042854,0.19766097141346387,-0.10085995498746385,-0.055191253186314106,2.0
0.20948592886120745,-0.15746516971245775,-0.11120488605384385,-0.09312394798814463,0.22035639905479276,-0.0636435854466606,-0.14472008288289298,0.0
0.04889400075978814,0.24430822635858052,-0.0014817225391496058,0.27772853392465896,-0.17298810394484576,-0.19147903615982573,0.06312037631315125,1.0
-0.1821556858018901,-0.06948073640549542,0.19714767198083838,-0.14423178642694992,0.129195073761418,0.26345999692909405,0.014329048694314043,1.0
-0.1555793634833822,-0.10872952688951032,0.2081340756933035,-0.08502225368895569,0.15264862952407524,0.22640671081390584,-0.06347943990686719,0.0
0.21768986430995926,-0.16396785869279107,-0.10738113178087266,-0.1417782909639026,0.17061662539838654,-0.08474129595750943,-0.11382493289657848,2.0
0.2019738635188851,-0.11173952197286023,-0.17688026612113816,-0.1767919919721984,0.17570040784972002,-0.03205640407183309,-0.12485754449336509,1.0
-0.20727006110774107,-0.019033300308818276,0.15357650651486704,-0.0979276029334996,0.18520797046759446,0.23901889433385626,0.09796566433362325,1.0
0.11176181247974579,0.21371483850714854,0.04640156349153871,0.15979736070819248,-0.15115126303481607,-0.20169391976669365,0.1154792420118648,2.0
0.2339447826781828,-0.15558219684331512,-0.1563053044627758,-0.0756859267725066,0.27250866229786747,-0.03126415015919944,-0.07470897678615274,
0.14052189434262674,0.149300593211955,-0.007648722680460502,0.12342415166279837,-0.2387895740631129,-0.22198999264752664,0.1183250713915198,2.0
0.22207366958251798,-0.15915514929815658,-0.13092925124563692,-0.13689446490772,0.19106909999815996,-0.013523357725942247,-0.1463550072418664,0.0
0.0357257886791895,0.2167881032236906,0.034100257090849684,0.13331061212168535,-0.2643200248576471,-0.24286099680439904,0.07289421722253878,
-0.2011730964843846,-0.045358622380056085,0.08567937022211648,-0.19024501566740137,0.20763660452939045,0.16207764651251602,0.10782964420413502,1.0
0.08722262271745194,0.25254501581120076,-0.014180701324596,0.1598074050849866,-0.1495557864605583,-0.20493683683048944,0.13175163177071705,0.0
0.087523502126842,0.2264701133519967,0.004496632477588172,0.06033875682071958,-0.23197577017396584,-0.17872397391730016,0.21047125113158754,0.0
-0.22383878479655994,-0.06911929342317072,0.1738505654509753,-0.11142906846922901,0.18395560427593968,0.21939090276788134,0.018415780816244093,2.0
0.077836293408988,0.18436619157932482,0.0771238985990543,0.21757642592841367,-0.18553003774339374,-0.1885765181750745,0.06899063456575086,0.0
0.0015697135747993077,0.22366517468801886,0.06985314513325248,0.1340528319617865,-0.193875437524681,-0.23494320701919977,0.14204049009826195,1.0
0.10829392443332356,0.1795881645884823,0.06072326630638183,0.10062210342682885,-0.18736374607882733,-0.2565279117156358,0.10688088345052023,2.0
-0.2453082795355958,-0.048509708184282956,0.12714042413032736,-0.19497203466979454,0.13475587131827385,0.23656544465196983,0.012748237509755626,1.0
0.09133437094480566,0.1514044064622465,-0.0209942636435662,0.10736860117480482,-0.14424295847747493,-0.22165666890647148,0.26299873039063043,2.0
0.24076808544716435,-0.20296513889287626,-0.12322743555472439,-0.008558041761350804,0.21939968903470022,-0.06124317162025876,-0.14383843768892512,0.0
-0.21205427949195388,-0.05405760934200575,0.1499835441229907,-0.14164573199832703,0.1947909207329162,0.23969317140589683,-0.007774742905909828,2.0
-0.22938397091951815,-0.007019985577771821,0.20751312114530626,-0.11565291604393994,0.14597707320974157,0.23743884593803147,0.05701408716569084,2.0
0.12008968738367572,0.17906446469701576,-0.022674984409696956,0.1294619983476787,-0.17934675450153878,-0.22937910470390793,0.13998300595648625,
0.06490630842412423,0.2805608994803432,0.09790912302497962,0.08370956533137822,-0.15747908051030582,-0.24868464423452963,0.06675037899433937,0.0
-0.15888187594220485,-0.010545329466406834,0.21884669052673708,-0.11854370922314744,0.18710742233225736,0.21844156670391054,0.08763340580533588,2.0
-0.2425405921462726,-0.04320661418527728,0.16021680121376136,-0.158583301189873,0.14138407690121405,0.24251841623851694,-0.011550198125084742,1.0
0.09261186334537562,0.18338409434594136,0.070086016850536,0.04226047444387122,-0.16047865834949515,-0.20919149353809474,0.24198739912668588,0.0
-0.16640833820765294,-0.01578759117188483,0.20602482370736913,-0.10949804045976382,0.1303013846007172,0.17833155686826566,0.19364826498434648,1.0
0.03626337953459007,0.14400238763967343,-0.04809467050558932,0.22454713071828958,-0.25570058003044605,-0.16599243329367905,0.1253994182777325,2.0
0.24385417969413734,-0.19041920976803367,-0.18685937273701547,-0.08187010768973262,0.12694420144478244,-0.06680946969346281,-0.10324345897283582,2.0
0.20832636783842287,-0.0711183906469846,-0.11924144168090323,-0.15411294332171657,0.17500178940080952,-0.10179992562172255,-0.17039914148944055,1.0
0.27336770034687297,-0.12959818941761694,-0.12091761939495196,-0.06316330493166276,0.20680889190373178,-0.0650170986522265,-0.14112719535293713,2.0
-0.27320535550752745,-0.025424648411243235,0.12328149900591664,-0.04528794156686092,0.14469440755237614,0.35367036329738194,0.03443578465869371,0.0
-0.12282179730534452,-0.036476939697856675,0.2541899361896293,-0.2028650551057919,0.14217819247507185,0.23770202588887293,0.003766053337432817,0.0
0.19420999741725353,-0.1070613963137045,-0.08695259367257768,-0.19789364758740915,0.26387428392626805,-0.06211573138397575,-0.08789234969881131,1.0
0.18633579769713868,-0.11445453599467603,-0.22389810142860397,-0.04693927686271436,0.17235215599249107,-0.03950094371346563,-0.21651918831091016,0.0
-0.1569967339307898,-0.07404488861127133,0.18261293563656106,-0.12180252566664772,0.15741811510613596,0.20523979562820624,-0.10188500542038809,0.0
0.19563723681559148,-0.19244679498798734,-0.17213092411930675,-0.01118974003742558,0.1783693648200772,-0.074825598433403,-0.1754003407862087,0.0
-0.2207860276054143,0.02815321027139476,0.1566580531253983,-0.13157694731996655,0.19160340888344832,0.20827168555865785,-0.0629506672357199,0.0
0.0001369595822955061,0.18545200655953023,0.08387018844641426,0.16257521405792372,-0.16853176451733284,-0.24448230561566134,0.1549515612208422,1.0
0.19239051729375733,-0.11336984391662652,-0.12953568612132593,-0.14418622278138157,0.2852422259345546,-0.040432784363354825,-0.09484271958899909,
0.058855999016029885,0.1964659514090134,0.05497334741308706,0.13582703386408423,-0.1841361381331572,-0.2072393293695292,0.16250220079509906,
-0.1593778313438701,-0.088429691804375,0.1783078795799859,-0.08602864082279048,0.1937795837036538,0.25817382704138925,0.035902545703935564,
0.23269172932040744,-0.08866983561926826,-0.09835125924885096,-0.10918310782484889,0.19753671194723554,-0.02140924609502338,-0.25215810994436544,2.0
0.22016946401493193,-0.13476897014562617,-0.10600574172202225,-0.09410564063614872,0.17573842872125772,-0.09646836214956178,-0.17274339261045155,2.0
0.14567619720937314,-0.13070841687165186,-0.09886478904995531,-0.12997011979928008,0.1939765523382831,-0.05174780928508239,-0.24905611544637413,0.0
-0.1848445644591563,-0.07635554117161221,0.17456026710357034,-0.13999408122509432,0.1725796861624964,0.24036679609360792,0.011299063784462464,0.0
0.244017042287017,-0.1420679764136109,-0.10346571088315834,-0.10407925305983651,0.20017467413636558,-0.11737915203194763,-0.08881619118806394,1.0
0.2768475604228446,-0.11348648571907752,-0.12527989820530844,-0.10138820993921194,0.1487320142853537,-0.09668086601879475,-0.13758496540940915,0.0
-0.17311204495454136,-0.05343824253647093,0.23183355516544524,-0.11151700684910665,0.15829398543726161,0.26347109747266545,0.008334067584508784,2.0
0.21088063121814163,-0.15677979890346722,-0.05391105620888229,-0.11223061149896044,0.1920018934882981,-0.06880533812890659,-0.20539067055334365,1.0
0.04814810424340625,0.16258380218545274,0.044993800563454936,0.20067541510046558,-0.13221833656055262,-0.24507075011830745,0.16630979122836054,0.0
-0.2314386592840614,0.028726434145752874,0.18690061283950327,-0.12273613638337133,0.16594475668008676,0.23225923412513694,-0.031994166542087435,1.0
0.07254858534835561,0.20803121845996816,0.006480987946234153,0.18541668190303015,-0.20498677239861157,-0.1767498573336892,0.14578589661011127,1.0
-0.20033173328367357,-0.04256032056538927,0.16070093479668932,-0.13872400744395547,0.1652392802400229,0.20488661171516726,0.0875571119551022,0.0
-0.2621521121904635,-0.008355335710520178,0.12854953335512698,-0.1692999784424932,0.1678265217487885,0.26202566645282316,0.0017908520997844417,0.0
-0.16874209553392097,0.015574321773062698,0.20429647780262536,-0.16023507206494825,0.17530023420793606,0.23951764737797313,0.03633415123953351,1.0
-0.1923713155522414,-0.06917769748589869,0.15779590768185112,-0.2650845114667476,0.11428387406600864,0.16665812694652368,0.034628566800729024,0.0
0.2051716361556363,-0.1941037634068967,-0.11761712186516254,0.07379715929907284,0.24850058417515777,-0.05916070670784618,-0.10164902839022749,1.0
0.27620024375536395,-0.09208266933337497,-0.13221642858387891,0.004530279163350829,0.23991967884560267,-0.0640495777784173,-0.19100112254001134,0.0
0.18155990627506194,-0.20925842112090923,-0.1649160457055649,-0.01780926722148721,0.1930968347622276,-0.06854806227571782,-0.1648114626390313,2.0
0.08795830578978181,0.276665738655788,-0.009119714513281751,0.02900853672518929,-0.2558248717886317,-0.2811744167149668,0.060248415812360734,0.0
0.2566676150466305,-0.09797941862813976,-0.18151824544891035,-0.19546244240363939,0.17790374218711028,-0.049038590241703574,-0.0414299460438663,2.0
0.11302870300766166,0.16845623445694408,0.035856382232635396,0.09718622349269583,-0.2187254654357327,-0.21279328082094265,0.15395371055338766,1.0
0.07932275186755533,0.13458937093632184,0.05744250226063652,0.12600910451572672,-0.214950137336397,-0.21366955396261697,0.17401657912074547,0.0
0.1663902336321021,-0.19870583957129426,-0.1590507758060449,0.008889232372106412,0.1890791519042211,-0.07721903606455739,-0.20066573064967388,
-0.12344529280604552,-0.08342428021700535,0.1852787879689597,-0.15748147441215793,0.24514280931710064,0.19423005896950032,0.010997296309230577,1.0
-0.22160633144308864,-0.050307405716895806,0.14321007794825652,-0.17437949246362755,0.12505039091456233,0.19760743828688204,0.08783886322668716,0.0
0.06603172593221465,0.2812556627977112,-0.022234121011377284,0.1249642435696133,-0.18675780483075613,-0.2627583033705594,0.05599813848776821,2.0
-0.16961545781204032,-0.01577910649133242,0.25522882071678227,-0.17301627223536006,0.14206995362041056,0.2273131971444156,-0.016977191979658697,2.0
0.11812110139922832,0.16367424900211847,0.06397448490950065,0.1637471792368991,-0.17878609237649193,-0.18278590637303982,0.12891098670272186,0.0
0.04504456373675868,0.2365473375337221,0.04136668618871627,0.08452631881142343,-0.3156609822547974,-0.2753590261408755,-0.0014950853337067384,0.0
0.06710227225133833,0.2215096260042187,0.04560185544463216,0.09398936587060873,-0.15754231949780947,-0.1930927616419031,0.22116179928948956,2.0
0.06482776718605057,0.19443029453130214,0.1050123384931365,0.12882969530688518,-0.21461867004039561,-0.20401373340741613,0.08826750103481384,2.0
0.05865229187631693,0.18692692871986322,0.0535212559840439,0.1710925618117993,-0.1657657392107252,-0.1726026358693573,0.19143858652789414,0.0
0.02500269440441429,0.23546452926785347,0.08431181449371968,0.05846092524628726,-0.1755202443996112,-0.20232355054554407,0.21891624164257,2.0
0.06620307804449561,0.3028822029699173,0.0025003950805205315,0.10006822042819134,-0.20366463458151998,-0.23218984565445522,0.09249162324090014,1.0
-0.20228071827756272,0.013156729590061703,0.19089875535485978,-0.09765469214525015,0.1961649098157695,0.2673926232525152,-0.03245157156398094,
0.04564659336087531,0.24153011122751084,-0.011631173257617365,0.22113872564530773,-0.18530225166755798,-0.20216337711579324,0.09258776772533747,1.0
-0.24997295498685396,-0.05332864944228095,0.15070608079946574,-0.1015824599737386,0.18117621163056094,0.24992464704733924,0.013308996119760386,2.0
-0.18777682898971493,-0.052169238749188315,0.20806223974194385,-0.12242256548215508,0.14821486098755904,0.2661690658394408,-0.015185200209998004,0.0
0.1868480050599114,-0.13671214111368168,-0.14545230156378872,-0.02310276789334977,0.23294079287680536,-0.08582429673563516,-0.18911969475682797,2.0
0.15204175274061685,-0.161678723048352,-0.14425950388026954,-0.01728948761848137,0.22031843582508157,-0.0802620052611486,-0.22415009162605015,0.0
-0.18201831921871542,-0.07628747544806992,0.1975110242784181,-0.15324208882766527,0.13688268627404768,0.2530677307319271,-0.0009906752211565075,0.0
-0.1429073142484467,-0.05524851698246532,0.18757738252962453,-0.10804918995225217,0.20980663062819827,0.22179683554632443,-0.07461413011268853,0.0
-0.02436444336723659,0.23417086807679444,0.11385587977288214,0.15059104396222336,-0.24399066789778978,-0.17954856689588589,0.053478530027187804,2.0
-0.17043009722963848,-0.10351561386624246,0.15345425973598192,-0.20457642549908872,0.060041151899770794,0.25316803424104195,-0.05481441752823563,1.0
-0.22231651180437945,0.0021525330222219815,0.16398281536965198,-0.005808551584244606,0.21033075465707698,0.3018967732499851,0.09351206031244008,2.0
0.22017808113631782,0.0003674595357481127,-0.21776981126333106,-0.0640864339961904,0.16957689479180288,-0.11773160902065413,-0.2102897102559555,0.0
0.20357272900911574,-0.14339361383664626,-0.10420871642231908,-0.08501154196880545,0.18633661380678926,-0.0765197392947295,-0.20095704566159478,0.0
0.20414070267804887,-0.15311043646452416,-0.1864145744395178,-0.05125259243741982,0.17121443454879046,-0.13164301242195092,-0.10222424700974789,1.0
-0.15137533421069,-0.07985039615676852,0.21360507612211602,-0.11973370126271712,0.1406195878907636,0.270287401649788,0.0245285027071567,2.0
0.05509524028796833,0.16590189202614514,0.05897683570896625,0.2017910515525962,-0.21554532482507208,-0.22469548857208516,0.07799416702716687,1.0
-0.2060727363072858,-0.04152462018935603,0.19072019115185643,-0.053897575211042416,0.16140837180991244,0.28961044640404693,0.056766058926500114,0.0
0.07217368130189614,0.23028554842747706,-0.00038953559309183285,0.15967046462057252,-0.2578425917605553,-0.16732095421090404,0.11231722408550307,
-0.24965139185907925,-0.055825044866149504,0.1922294014080848,-0.17593905242688665,0.09415664546542789,0.22465988699082517,-0.007538576983546722,1.0
0.06976659707853801,0.2789172945523724,0.0007648704082102097,0.11044630083677741,-0.24674846565486327,-0.20236346638227623,0.09099300508696234,2.0
-0.22014900874932533,-0.011873222906112943,0.1308725026716311,-0.17157629092262525,0.12665910502906516,0.27110726859522244,-0.06776260112601781,0.0
0.02950205693708718,0.242562583783947,0.09577237087344424,0.1391373194970272,-0.18735288188204968,-0.1845056327314581,0.12116715429498656,0.0
0.050337559768808056,0.18520021932604863,0.030109404726585527,0.1357890663699833,-0.19097346175061253,-0.18861562526230327,0.21897466279565866,1.0
-0.17397589154575505,-0.0470949094334372,0.1196789224624019,-0.18491185183357023,0.1450030789611907,0.23349592654291546,0.09583941922072926,2.0
-0.13572606542098836,-0.06339718218001436,0.21458595531956978,-0.14933930034790163,0.2542412931219292,0.1253630182063032,0.057347185403293255,0.0
-0.21043677482090706,-0.11563980257630939,0.2540188881282075,-0.07991610394780055,0.12778855965317565,0.1871935260448615,0.025006344828738484,2.0
0.254967717691184,-0.18931124436040908,-0.058860930387755674,0.00666630994425675,0.3183069361126127,-0.005071630621498645,-0.1668152308822833,
0.14115197789535888,-0.13336782638831157,-0.15914406254014005,-0.038166375361411604,0.2844100817354906,-0.11081343956789652,-0.13294623651139073,2.0
-0.1977742374110781,-0.031380921386822816,0.2037141889465854,-0.16403212130684328,0.15899657270415865,0.20566840757307125,0.0384335506714405,2.0
-0.15944364283447346,-0.05356944614038162,0.13963431457383832,-0.1415066190954245,0.18860369667512494,0.24708523104294836,-0.07015704963780883,2.0
-0.1882068009518748,-0.10119975213602447,0.20003968130277236,-0.07543172041901279,0.18263167958011176,0.2055794939540022,0.04691087165620151,2.0
-0.21620260335791286,-0.049617265252796354,0.1892539420355505,-0.2126553005308293,0.12109777763477655,0.15811946250353365,-0.053053648684600815,0.0
0.024228879248174615,0.15900556503741836,0.06277722594534864,0.24930899702544979,-0.12530372045791652,-0.20934114983484026,0.17003446245085166,1.0
0.11465037730042707,-0.21044602293700473,-0.14964611885551143,-0.09976241004739592,0.19161986944131681,-0.05534760940178406,-0.17852759201655974,2.0
0.1911697140367777,-0.13376631241756623,-0.09797584793341338,-0.09054498650412345,0.2649723966164578,-0.07439157735286793,-0.14717916513879345,2.0
0.13630619506834243,-0.21290649808204673,-0.1731451343365224,-0.04403443440412627,0.18235895513740322,-0.07770925214502361,-0.1735395308265354,0.0
-0.14583846526520813,-0.04106456397363439,0.21030998088009417,-0.19017496729779518,0.14693098275911565,0.24348983654105558,0.02219120328309687,1.0
0.06422783095874635,0.1950128610564474,-0.00042692742302318843,0.23991040822839932,-0.16257711774813344,-0.16995454911146787,0.1678903054737825,1.0
0.23230114893858428,-0.11895061823751299,-0.17361430071207626,-0.0829672191714961,0.21161777827799408,-0.03863781802250795,-0.14191111663982847,1.0
-0.16527303007956928,-0.07143863672939879,0.09646810487451252,-0.16575326803054327,0.16466089561079603,0.23168310147852708,0.104722963196653,0.0
0.052263953731701215,0.19145631599454468,-0.009006486067589766,0.18195237932113073,-0.17939265845374133,-0.26864595347479325,0.11728225295649884,
0.1129200440469333,0.2441355073902119,0.0005774604527336569,0.15338732465276864,-0.18560066865180933,-0.1634050149264305,0.1399739798791125,1.0
0.15281103199279375,0.24075193311080095,0.028454005287840763,0.09303084297885406,-0.1407951316588281,-0.27563625182010193,0.06852080315078037,2.0
0.09789293113126432,0.24050638897129484,0.02570114124721562,0.18254432943860452,-0.15925804224401582,-0.1922201255626684,0.10187704140493645,0.0
0.24514622880468132,-0.16826565491464446,-0.1507203163437344,-0.11689608066332459,0.10287884607450763,-0.01153220633265703,-0.20456066686645047,
0.13013950094974544,0.25059561186524587,0.0015635072817517719,0.14050108813612827,-0.21279823620031033,-0.18417903011396136,0.08022302545285692,1.0
-0.25844025125159165,-0.03993718190526837,0.13001492182372784,-0.11164174126187748,0.20537358323795998,0.2231939310652234,0.03139838945435131,2.0
0.07204736798965747,0.26977830535382996,0.00850037761687987,0.053500546246830726,-0.20808415716460393,-0.24309512689486357,0.1449941187333345,0.0
0.2289638344233094,-0.20529606734001613,-0.057544312886231935,-0.0008155802663754463,0.2979063419739136,-0.04510646624335807,-0.16436739686679536,0.0
0.11249903230332241,0.23856506411673048,0.02545923349534623,0.12068031706986986,-0.14197486408505078,-0.2267120615762862,0.13410942735339407,0.0
-0.19882539016593415,-0.08447972252855761,0.22608592852390985,-0.08736357313436224,0.13933604571935806,0.23058538817124039,-0.03332395175663772,2.0
0.23046695939708917,-0.15145796799310035,-0.06524789216066337,-0.19708507811826712,0.1821923870563482,-0.13302813515064393,0.04052158012388792,1.0
0.20981081524060263,-0.123712554919741,-0.21603501965326327,-0.06555002967507051,0.19968251054931052,-0.10448021487541713,-0.080728855086595,2.0
-0.2647689212283411,-0.023290271818110934,0.11942297779187715,-0.13512069144906377,0.15001053427819377,0.24723513098865663,0.06015147244575668,1.0
-0.21265288149201425,-0.03196823597357824,0.22077267893946936,-0.15792327964708625,0.19842992999688147,0.17737725516745548,-0.0008757387835148694,1.0
0.17797281135379903,-0.14984444687630913,-0.1501032401244062,-0.05028787473915221,0.22157004269676395,-0.06677998388964465,-0.1834416003199248,0.0
0.19604116554699189,-0.07879500277084238,-0.1612713475971253,-0.0806978227948144,0.19180953447441265,-0.057616540504541854,-0.23376858631127143,2.0
-0.23248975832060279,-0.11203026054497545,0.09612072600191562,-0.16651938395430038,0.11080751814504276,0.22676259481577843,0.0552697582173845,1.0
0.1755851894827944,-0.13350161451522058,-0.15634731878711136,-0.021172919632051947,0.18559172660971207,-0.1209998738643982,-0.2068013571087114,2.0
-0.18324741653821539,-0.02485122480882482,0.18208772441183638,-0.16669911901893059,0.2022898908712677,0.22227971308516192,-0.018544911265763086,0.0
0.21821506852550285,-0.15189254132717026,-0.14899524446252535,-0.11746716692969844,0.20304953004151827,-0.03465573605364571,-0.125724712659939,0.0
0.2120464687538026,-0.19933421311422075,-0.1784842040325745,-0.046846764434992194,0.2315897046999874,-0.06535424914405433,-0.06634439582036815,1.0
0.021603276973688978,0.2747513899315299,-0.014921654750403482,0.08542552281332917,-0.2745302989290988,-0.2098601558688313,0.11890770073311838,0.0
0.2223229407956743,-0.16017592988009277,-0.14909905213400648,0.0003620878822514898,0.14571292875520359,-0.09475098605114539,-0.22757607450162592,0.0
0.20940518494769825,-0.13991103395112411,-0.14499290703352527,-0.046798352068354566,0.23422599484596549,-0.04682303474338406,-0.17784349240994832,1.0
0.11232811574477174,0.2345307656717113,0.00865096059364277,0.11492460036580493,-0.24501146168049648,-0.19742076677667691,0.08713332916689581,1.0
-0.22144582483737674,-0.024788800566294032,0.24123501825282556,-0.06866275063272409,0.16475105438741444,0.25139815061390675,0.02771840070945841,
0.047789249408364494,0.19916763852400654,0.0647048158974986,0.1943318124350378,-0.16061061765132809,-0.1927701234120756,0.14062574267168884,0.0
0.24030466011738194,-0.10066307742514953,-0.1843849862171358,-0.06529219087796596,0.21876659584747557,-0.05691778917765838,-0.13367070033723258,0.0
0.2016228807257486,-0.07441898849702532,-0.1797650834687403,-0.06059612572856389,0.29178019772720215,-0.022362445863837815,-0.16945427798888185,2.0
-0.29894908679165116,0.028109740740173732,0.2128807646922642,-0.0662403992396616,0.12083726713615985,0.26364050568383607,0.009342235716253436,1.0
0.2554535511750393,-0.21742345055858897,-0.13743200073054399,-0.07467233795788988,0.16152171984760275,-0.057361000355250984,-0.09613593937508395,
0.17652634795469171,-0.17985529325565017,-0.1134352453659164,-0.17883627103058755,0.17602846914340278,-0.04134546928645994,-0.13397290396329142,1.0
0.05827964497278361,0.13468018870253823,0.000727831554916401,0.2203887100664343,-0.17040579880136442,-0.18675014750518876,0.22876767839677423,1.0
0.20579570085180854,-0.15374242445113137,-0.17563264656195146,-0.027638711201293867,0.20814021779044325,-0.053690837540180295,-0.17535946160319138,0.0
0.2247943293794942,-0.13684604939747413,-0.2376507250959322,-0.14035021667515954,0.11242030034389311,-0.03246179740168656,-0.11547658170636005,1.0
0.20769237456101777,-0.16606859018576,-0.19216474172025233,0.03487611103928348,0.24615653631692208,-0.049795052105523166,-0.10324659407124141,2.0
-0.20678436395135563,-0.10418938925365648,0.19779264795848944,-0.060286815377408695,0.1621629842992726,0.14982693334016525,-0.11895686581965206,
-0.189456252267352,-0.002984228716679946,0.13743170748730718,-0.07612581295420341,0.2591357733588975,0.2785255617968133,-0.05634066341874662,1.0
0.06933659067557328,0.24803954629280256,-0.025733310299553728,0.11814641857727014,-0.1925994384280381,-0.18621327145256245,0.15993142427419973,1.0
-0.1278759340178868,-0.0752592538453188,0.16079022320596326,-0.18721836090488786,0.12788311632170385,0.2680564714000651,0.05291664030417436,0.0
0.05260103859401604,0.19490263760060508,0.021646594855609713,0.2594833314360839,-0.1351645360895656,-0.23887026458347513,0.09733159684064459,2.0
-0.17448194382954152,-0.05165369950201082,0.15219281243966107,-0.17461777020565378,0.21326034957739937,0.2257939737495461,-0.00799945069618738,2.0
-0.17909184630159874,-0.07231293196950375,0.17147976554433228,-0.20765187054428974,0.11187556347548952,0.23542795273345707,-0.022160069431328828,0.0
0.09344551868059936,0.2204565794994216,0.0346786269384976,0.0532098362212924,-0.23718123668910765,-0.2475210919912564,0.11350710997982498,1.0
0.12856725730245677,0.17003499981851827,0.026618840922788527,0.0775427095338154,-0.19927377190496018,-0.21846089993870543,0.17950152057875526,0.0
0.1691911207359249,-0.08955125645035374,-0.1568561133531822,-0.1586120456865111,0.2113338521197533,-0.05081530417614817,-0.16364030747812677,2.0
0.2098298585471148,-0.19764544863339262,-0.13055640195968227,-0.06372050930794193,0.19775984855860235,-0.04557173783266182,-0.15491619516060423,
0.17588362980660457,-0.20495935691708136,-0.14909625841256063,-0.10139923049384801,0.1752987155986068,-0.0431890752526766,-0.15017373351862207,1.0
0.18245234811918495,-0.2026119436897977,-0.12068548146906136,-0.09800473812907592,0.17351168448402904,-0.0991685376582547,-0.12356526645059625,1.0
0.23477449324307578,-0.12614091126853827,-0.11966515655497494,-0.11826557873538393,0.16092064765892297,-0.02264661695145873,-0.21758659558764543,2.0
-0.16432334254698366,-0.03796535754233402,0.17276851134790408,-0.19486388431597937,0.12429322201862936,0.20219729419418397,-0.10358838803398547,0.0
0.18507116696916437,-0.1727860963495331,-0.11090763884114543,-0.035581053046128575,0.23032060330499488,-0.07906686990103959,-0.18626657158799398,2.0
0.06924724617540898,0.23790228151763881,0.03459196350687504,0.129991724331387,-0.19082596501632484,-0.16307244223498232,0.1743683772173829,0.0
0.15041600265294863,0.19200894993606274,-0.04801905601651294,0.16433390548617563,-0.21774461173880155,-0.13655660487302285,0.0909208692964756,1.0
0.18812885559114736,-0.054461158026904904,-0.15617763711609026,-0.091311830704536,0.20664389366675787,-0.10245292574629615,-0.20082369914826737,0.0
-0.16760699865275744,-0.08460707889021457,0.2022441832420483,-0.0697756639061366,0.16749006158270707,0.2684963598158838,0.0397796539102522,0.0
0.27466953495648844,-0.1580109205556127,-0.18116695467145622,0.060450319139571766,0.14122317298269996,-0.039492485684401515,-0.14498661200976945,0.0
0.08182261644556336,0.1196343953461643,0.08883174644062179,0.09269300750790799,-0.282403558553981,-0.2551636518719362,0.07945102383382535,1.0
-0.17242487329792694,0.040823137033159033,0.20502674620138642,-0.19065090782160213,0.13513427640929832,0.19999048114996115,0.055949578086666014,
0.20067681589734732,-0.09823998145263874,-0.15064193274424473,-0.16387574351848652,0.15862844909145546,-0.07608598251748852,-0.15185109477833886,0.0
-0.12186930057966781,-0.0891510966753455,0.1914095003811267,-0.1742144249179882,0.17123969443170486,0.23359082850803553,0.018525154506131358,1.0
-0.18698615662111592,-0.09672802909756908,0.1577428267632113,-0.10913999857558226,0.1874214036085995,0.2569383392482086,0.0050432460857133205,2.0
0.05682414420419066,0.19218032453602005,-0.022138173772118686,0.16750142690233225,-0.12397542293557297,-0.23055073087858471,0.20682977677118064,1.0
0.06164516376336408,0.2588413752096349,0.03814836081862788,0.07306195238058284,-0.19237933226666448,-0.26104258760492977,0.11488122795619589,1.0
0.22658834276318893,-0.13890644963809948,-0.10849039835779893,-0.1801034766156408,0.18805615474433587,-0.08362916284482083,-0.07422601503611514,2.0
0.09164017140435528,0.17581539688113787,-0.02552456920657049,0.1677481550314149,-0.21990741130417804,-0.2522099332580059,0.06715436291433755,1.0
0.25869844097180916,-0.11435929503580025,-0.16496032686545842,0.042080734083300354,0.18243735961609847,-0.020150053022845622,-0.21731379040468776,0.0
0.23018756688380362,-0.1791078586092269,-0.14675748109513057,0.012074909542823855,0.12141742214796061,-0.12185680981113778,-0.18859795190991666,2.0
-0.26657902320814536,-0.08916523038125951,0.11646928014359666,-0.10208798659262923,0.15713497071307964,0.20899267465750987,0.05957083430377994,1.0
0.050696116059744105,0.22947342929150583,0.021760941439640854,0.1929062281220639,-0.2192628819537356,-0.22142132729416794,0.0644790758391417,1.0
-0.22159773877815098,-0.04231757089843628,0.17410246860100956,-0.15421657049170584,0.13133774619496197,0.17810860243139978,0.09831930260433565,
0.23816653995720924,-0.19644392107490896,-0.1682944371367711,-0.07246554620464143,0.2055803545427346,-0.06549163147569091,-0.05355756960804361,0.0
-0.15426146548069986,-0.020032368526473755,0.14914484270301803,-0.19057420004922912,0.11662445526901298,0.22031022097290867,0.1490524469986574,1.0
-0.2222805703823769,-0.07216178439087917,0.12753620105624164,-0.16304089105554437,0.1431859137836406,0.20971935311622977,0.062075286215087545,1.0
-0.20009689088234747,-0.07521357787491034,0.21813134934662726,-0.11898701618865543,0.10549645138270217,0.25006546755521386,-0.0320092467695435,1.0
-0.18465914121048732,-0.047191159362842086,0.19381905891240203,-0.13664803399630346,0.19169938970141143,0.194611689728227,0.051371527088326784,1.0
0.1733254017767017,-0.14363184089130857,-0.10746595897083774,-0.06662900533687505,0.25478397607512293,-0.08273491470073228,-0.17142890224842172,2.0
0.18827449135423063,-0.16412505538982544,-0.11833745794841027,-0.09342279004241479,0.1978547305389147,-0.00978586669497392,-0.22819960803123018,0.0
-0.2586147909451419,-0.12084169219655547,0.13365418534441123,-0.15111855924502193,0.12294222798988473,0.16974273657934813,0.043085807699636776,0.0
-0.22041869235845515,-0.06519237652555153,0.12550489194974734,-0.16572220955199496,0.12349698919524078,0.2652827489402102,0.03438209147879991,2.0
-0.24413030208201636,-0.04172681279185844,0.16873732065559632,-0.10811141435894779,0.18649427668299817,0.19567250212938456,0.0551273712991984,2.0
-0.1809052311300602,-0.10911278505697213,0.1748000146137916,-0.13358885176180682,0.15497406547500658,0.209884257520306,-0.0367347944420567,1.0
0.10748220778144582,0.19895631392497667,0.0392118506054736,0.10697520982295824,-0.1865356431111125,-0.21986909679572486,0.14096967795830817,0.0
0.14059854232477606,0.0004301473832129917,0.05641111610031556,0.13227928866460578,-0.2198305159934327,-0.3076544947364957,0.1427958947971613,0.0
0.22331138661373318,-0.17851456955126813,-0.1100986414630271,-0.06983754338784477,0.23363261125831147,-0.08022412075775918,-0.10438112696805624,2.0
0.1842947407024758,-0.17362376583815337,-0.15551984366853405,-0.08689644213346985,0.14870340240831187,-0.0773953101312463,-0.17356649511780886,1.0
0.07518539271713844,0.20289674460205098,0.01713110491386133,0.056764494976410514,-0.23129721665444944,-0.21134620134659382,0.20537884478949553,0.0
0.06012497589321024,0.1941587608203313,-0.012590098612522678,0.16112652250001197,-0.18461155355117873,-0.2850547281319104,0.10233336049083465,2.0
0.00448787484758087,0.1331079907279066,0.05465265765709342,0.29153069552176136,-0.18646814562387312,-0.20233572286802606,0.12741691275375852,0.0
0.1954892991900643,-0.13243803584603236,-0.1997301299151491,0.005523743058093585,0.23963021025497547,-0.1070775205343768,-0.12011106120130831,2.0
0.08871993182996041,0.23983048764632856,0.008597913871014683,0.22024923564959248,-0.13740832378458454,-0.19480228508970263,0.11039182212881658,
-0.2096775128984445,-0.045483623758286074,0.1692170308709281,-0.1618074129396791,0.19344786861881655,0.20067732371854602,0.019689227195299516,1.0
-0.16448874280611617,-0.08862390890912945,0.17613521094699935,-0.2592833692512548,0.09122201713198694,0.20179947073517188,0.018447280219341288,0.0
0.10021579728463144,0.14860761093725,0.011796068708074123,0.20254935792878356,-0.23562816919105992,-0.18595490072062046,0.11524809522958045,2.0
0.06682843331715879,0.17872509349896593,0.05146643735910676,0.14783197720069283,-0.1811213771509578,-0.18157061280338463,0.19245606866973325,0.0
-0.16380118356968454,-0.08651950809633269,0.16345985376532648,-0.1672229962889018,0.14671828682168536,0.15725456758576112,0.115023603872308,2.0
-0.19085548543383257,-0.09594288189693083,0.22582338775928848,-0.07526933634415846,0.14855065899013314,0.22660939891954482,0.03694885065611178,1.0
0.25606565132760295,-0.15491181549895422,-0.1718254721588544,-0.08020653193225889,0.1865913393337478,-0.08297865799211651,-0.06742053175646524,1.0
-0.20990549776863338,-0.1118219633406192,0.14886320455037072,-0.172740722110697,0.08439287794565596,0.2227320529145482,0.04954368136947564,1.0
0.1473803182014988,-0.17635078714737973,-0.15512132031600337,-0.03556247406106441,0.18172207116504926,-0.11843377630264795,-0.18542925280635647,1.0
0.2531270907840204,-0.14140770632555053,-0.15574006344268918,-0.10294380192200547,0.17768063247701812,-0.051758333563533605,-0.11734237148518266,0.0
-0.20526689649363533,-0.07114004969587429,0.16581435829612148,-0.1833995890134751,0.15945846304630568,0.20794440825929872,-0.006976235195289433,0.0
-0.3404831219958676,0.0019485507321019401,0.10643086301231175,-0.09677821579574605,0.18630196528311035,0.1928888529051253,0.07516843027573702,1.0
0.05820069362378081,0.17909791555179552,0.13386372678945319,0.15449272933862668,-0.14178359894574885,-0.21049669936161372,0.12206463638898135,0.0
0.07026100195954087,0.293893119167303,0.04385217528147505,0.06119799158893047,-0.14158907437480564,-0.25321416969315114,0.13599246793479391,2.0
-0.26654407441061423,-8.407440141228784e-05,0.021902563070926997,-0.1116879391598457,0.1534383904986271,0.31866693381217603,0.12767602464639766,2.0
0.08649364024614299,0.20289826123941188,0.0018925244598834497,0.1424707577540637,-0.23062118268200663,-0.23558897709249624,0.10003465652599514,
0.11842658054188958,0.1741751234660466,0.06858921163785486,0.13771842501604087,-0.17846537999161197,-0.30237679180743043,0.020248487539125726,1.0
0.24775586470506827,-0.11680141340158127,-0.14039451430940017,-0.15284536499815385,0.15663505109303358,-0.03499785603261413,-0.1505699354601487,2.0
0.08755206061093136,0.22989623806724452,0.046645680786199455,0.1132103971297984,-0.15387378040779903,-0.21266212846378318,0.1561597145342442,0.0
-0.22719261609069227,-0.07591824989938868,0.13434819125250339,-0.1652148762183158,0.16508746758929074,0.19576970747832978,-0.03646889147147928,0.0
0.04769096666993323,0.23113223915489214,0.06476924530381013,0.08899076822942166,-0.14266696615442828,-0.2025682758882214,0.22218153859929307,2.0
0.24430899011376947,-0.10998048220058004,-0.08292980570388547,-0.12272250176980279,0.17892395562189645,-0.08800786080481886,-0.173126403785247,0.0
0.1808959171372459,-0.20071158194145086,-0.11973801123413405,-0.11696309784798689,0.17939321277155046,-0.05450159498030745,-0.14779658408732455,0.0
-0.21242523550951445,0.018226822959836894,0.11682070261060457,-0.23255528174182036,0.1475188262799972,0.225739483885536,0.04671364701269055,2.0
0.0340892129150417,0.16986023257346441,0.03307497210589138,0.17924343603765547,-0.23353497086209862,-0.2941019663450134,0.056095209160835026,2.0
0.22995197113990026,-0.11163255392565129,-0.11095046002152735,-0.121601029521674,0.22757856434775353,-0.025788967297711195,-0.17249645374578237,0.0
-0.24543465180492596,-0.07319273648661467,0.1489359303742558,-0.1639334988859745,0.16692321093066198,0.19355392594904341,-0.008026045568523755,0.0
0.13461351246801725,0.1612715385104183,-0.024275429917020128,0.09588741208248844,-0.17756204861432673,-0.23634729830553333,0.17004276010219585,1.0
0.16211370938608963,-0.20424650482967252,-0.13737792508330965,-0.11650183753548629,0.17972096817020655,-0.04381170010706326,-0.15622735488817194,2.0
0.21293072613741185,-0.16701553502524344,-0.17891179221848502,-0.0172056759168212,0.16946300441593357,-0.04837619830689923,-0.20609706797920574,1.0
-0.19861382083215776,0.0011615385218785013,0.17818142240142334,-0.18523598585766557,0.20494071485495652,0.21554075339314221,0.01632576413877611,1.0
0.05197582605327815,0.21759682149013537,0.0506174320603689,0.1663757946980447,-0.17737843574545425,-0.2383140141067011,-0.09774167584601748,1.0
0.09441370032285144,0.2441470385209132,0.04099330069941076,0.07425745491652175,-0.1583229109190177,-0.2590569388362238,0.12880865578506132,0.0
0.09862593040281473,0.19524287485088992,0.05296052125617565,0.1720430679263954,-0.1173787687464983,-0.23972440526627234,0.12402443155095359,0.0
0.19686027491010816,-0.16966960484613045,-0.20655633922757272,-0.07725669017317523,0.1835650093628081,-0.07425598312263158,-0.0918360983575739,0.0
-0.2559522495473528,-0.06341622578478863,0.18211609752668928,-0.03551257831761111,0.16755578898790535,0.21785539566185239,0.07759166417380053,0.0
0.19245500052559306,-0.16573276183814428,-0.13233417451590712,-0.09655103702425297,0.17029384645415052,-0.0523227226053203,-0.19031045703663182,2.0
0.18303583699198966,-0.11229604139513599,-0.21872268178348525,-0.006809880223109698,0.2083304873268055,-0.031636373620695504,-0.2391686986587784,2.0
0.0939263575918301,0.2048030565932528,0.06974085935547865,0.1538910577089935,-0.1460116389599882,-0.1439653570587994,0.18766167273165724,0.0
-0.22098063961784176,-0.031670374380483826,0.22192244803208985,-0.2064344307891674,0.12096501610332144,0.19347336025440287,0.004553730822692927,1.0
0.15349650098445905,-0.15108202005968055,-0.15829730104545206,-0.10472634479308003,0.21578000833083325,-0.09482344882342103,-0.12179437596307413,1.0
0.07578431506034586,0.2377275306229264,0.04733249946670937,0.10158270017588036,-0.2505091669043379,-0.2165167623997887,0.07054702537001141,1.0
-0.1932516164811393,-0.013642033648760073,0.17037121292686194,-0.2078864028225982,0.1187007873524202,0.18066912180461828,-0.11547882496360196,2.0
-0.2086068315631044,-0.015280337267105048,0.12681588425485327,-0.17502163085562952,0.1288454659763469,0.23858435821260662,0.10684549187035434,
0.07995897221215219,0.18727298272956525,0.12680390224539986,0.13638470518129456,-0.14388650528620367,-0.1669615726213799,0.15873135972400448,0.0
0.2671392810363536,-0.11478400090156117,-0.15697080121683546,-0.07690434290585567,0.16677962003585756,-0.0615639228479002,-0.15585803105563648,0.0
-0.2452711830159472,-0.03642935946061639,0.2089539607136268,-0.093361598048099,0.09714902818974698,0.24309907389978824,0.0757357966721753,2.0
0.1828874776224614,-0.12619033713752373,-0.10623847709537192,-0.10559719751052772,0.14020485208415062,-0.12477561151033342,-0.21410604703963113,1.0
-0.2086904483165305,-0.0704400136609666,0.08528107833060344,-0.18798364286793148,0.16719897556791774,0.18309910989794112,0.09730673135810912,0.0
0.059365937588019384,0.21867889884663744,0.05536675223107951,0.22902476409432349,-0.11528241096761564,-0.1796487244289077,0.14263251184341688,1.0
0.056374487274008685,0.20048808484742364,0.05536385570855007,0.08173276172777802,-0.20491275080712293,-0.26045938199496893,0.14066867764014776,2.0
0.2188823729924801,-0.1353063805990502,-0.07610915336410139,-0.11504430122799524,0.23041480918129567,-0.06687664815978844,-0.15736633447528894,0.0
-0.21060428369108267,-0.06279817594947315,0.17406594015799512,-0.13036996510402166,0.19732827546467854,0.19265050199477698,0.03218285763797196,1.0
0.052699082190879806,0.19193661695732384,0.07071645432782499,0.18638419002414755,-0.15018413811061526,-0.19164179250393096,0.15643772588527752,2.0
0.1228257883387374,0.2034322782430836,0.027132440794623666,0.13300986879857227,-0.12553807090794517,-0.25499905852171467,0.1330624943953234,1.0
0.051203461408936966,0.21756344185830837,0.07252695913509909,0.1319814970887979,-0.1890249086746869,-0.16775990363855442,0.1699398281956162,
-0.20121124980166358,-0.08792244740240003,0.07540070887801298,-0.16826725995275676,0.13282650054238757,0.22495608093512465,0.10941575248765453,1.0
0.04013844340099779,0.13210549588299497,-0.04953159060780254,0.2211902122286033,-0.1664838245215835,-0.21406748641904108,0.1764829469389767,0.0
0.12103008895736647,0.149420797918188,0.06730711806217243,0.0801592098664623,-0.21726311711413224,-0.215892544922534,0.14892712315914453,2.0
-0.19801836596948794,-0.1001397163236769,0.20184278746188006,-0.19023730094546926,0.11620741153237403,0.19171083696133243,0.001843580805779392,
0.14150895376089564,0.31630749803104113,0.005424326627085763,0.08113309120753943,-0.12005976131399466,-0.25312222077440466,0.08244414828503846,0.0
0.23202449286262664,-0.14389884408853895,-0.20711130279492315,-0.022528301723057028,0.16139131600409862,-0.10079505008450093,-0.1322506924422546,
-0.1444878595447778,-0.09329496520191288,0.1425750765303766,-0.18674536392997043,0.17818857345460912,0.1871642306935016,-0.06754393064485154,1.0
0.05867617382472485,0.21054980431965775,0.007382764201877167,0.1246549204377798,-0.2905913637938844,-0.21072953807542966,0.09741543534664633,2.0
0.20922786382825145,-0.1057628171902865,-0.1479866364028633,-0.11821741513518995,0.24486276834290518,-0.06754908429830159,-0.10639341480220212,2.0
0.014065951976377666,0.22567379876825414,0.061727364489573645,0.2716542157384392,-0.17691792661390246,-0.19299362984597204,0.05696711256748095,0.0
0.08752823982923248,0.19840512595734675,0.08421564079574752,0.13243566567730275,-0.14278144253384056,-0.2060896294999374,0.14854425570659255,1.0
0.1932493991855943,-0.08408228835978511,-0.16325492844815354,-0.09765692197000424,0.22308766152893217,-0.08570291326455003,-0.15296588724298063,0.0
0.06685885736858185,0.17851205119795213,0.02757645928150883,0.17848077036195414,-0.27357726598329435,-0.17429787418492007,0.1006967216217886,0.0
-0.19198976152174357,-0.0878402888901634,0.10921453452222074,-0.172110096793579,0.16537673177889137,0.1730396123937713,0.10042897409963074,0.0
-0.18416842478660295,-0.02494467780752135,0.21352712803043594,-0.11208425778661944,0.1740648646111131,0.2762121186186883,0.014998528359019091,
0.06710572349932291,0.2199307260303577,0.02070521765908987,0.11682112189848928,-0.1962321389056456,-0.2405039543527184,0.1387011176543763,
0.08787865783184755,0.18875280015643658,0.10200117375564673,0.09652630902795803,-0.22978587724328062,-0.15070255290011192,0.14435262908471858,
0.15295995910002014,0.21403728472164246,0.05731272970729383,0.08464656754548344,-0.21779041159487889,-0.17111727380290304,0.10213577352777822,0.0
-0.16616791823728105,-0.09137312711794847,0.12550364811434012,-0.2099800228981246,0.16508803319953141,0.18855692191462914,-0.053330328518145106,0.0
0.07723418711576313,0.20950790190761698,-0.04041146211003578,0.13616339648513381,-0.2080134792823896,-0.17617198845967658,0.15249758463938412,0.0
0.22739679475451977,-0.11808790080300219,-0.1649956035382064,-0.10619258259372603,0.17510956644809234,0.004584679427832444,-0.2036328724346209,
-0.21312465437130326,-0.03204034854716869,0.24556163416007867,-0.14256960513777406,0.1116549550500192,0.24337202752937584,0.011676775204280404,
0.04790637699069265,0.2250989654816528,0.07999547508369428,0.23339905792780574,-0.1391392491197528,-0.19915818367614707,0.07530269172025461,
-0.20431859539837421,-0.10538605064398435,0.1641882442226638,-0.13196713702680915,0.13108133016313753,0.24120656621713785,0.021852076327893277,1.0
-0.2130906698114213,-0.0220794168149291,0.1701889826247543,-0.18543189041546698,0.17610015989647562,0.22772758724199516,-0.005381293194957482,0.0
0.18258847938895592,-0.16838432828175853,-0.12454016707170919,-0.07176866046416644,0.16758380318119004,-0.03593113276596947,-0.2492034288462505,1.0
0.04832424223398406,0.17727610074543923,0.010843023308010345,0.16627500006032844,-0.2716457795096894,-0.18749948685625126,0.13813636728629738,1.0
0.10100504011740065,0.1842298813713165,0.060109662848222355,0.09666289339331585,-0.24462269665741493,-0.20760360559819369,0.10576622001413599,2.0
0.07646609890545367,0.23185459106371384,0.05285902311448457,0.191066933383629,-0.18882924004262083,-0.2559303477684329,-0.002993765721665112,1.0
-0.34246182797525104,-0.048831122854584914,0.20570860966220705,-0.06055018935516033,0.21551621723736797,-0.03137566389860214,0.0955563690168265,2.0
0.19724053147727263,-0.1568876502208903,-0.21858574279415344,-0.08557003985486489,0.19544421776860052,-0.047814653706720084,-0.09845716417749811,2.0
0.08567217138902918,0.2435728092419581,0.09161193059951744,0.11635582549866318,-0.21805755726546672,-0.14007260017484355,0.10465710583052173,0.0
0.053305627501162224,0.22243180890826275,0.08517737440372757,0.1792967318054596,-0.153640607155235,-0.15520550336162717,0.15094234686452573,
0.05984450640648961,0.19118040338939432,0.06896861270902856,0.09486941639185797,-0.1773767521453658,-0.24499843894276124,0.1627618700151025,0.0
-0.21557755406684698,-0.07490727017658091,0.19538923405974032,-0.20306289135225805,0.06145330154934175,0.2178698434905758,0.03173990530465596,1.0
0.06186421077530743,0.2171116556477726,0.0006788478948928057,0.17001212026702756,-0.24530812138746336,-0.19920086167915482,0.10582418234838131,1.0
-0.2052904662525066,-0.10045425063323926,0.1771838387443649,-0.13512392396728162,0.12896458375388523,0.21378648515439744,0.039196451494324866,
0.0760424417569661,0.16659507875712487,0.0600128978480554,0.1587508242338592,-0.18198873819058095,-0.19197316014838375,0.16463685906502962,1.0
0.10030465433486652,0.14497502340640445,0.1010166647235496,0.13780953151553424,-0.20450856928659158,-0.23852441782123027,0.0728611389118235,0.0
0.22974871562613342,-0.08128223477731736,-0.12798760416219845,-0.0990790251900337,0.2072503417720446,-0.12373356108665821,-0.13091851738561422,
0.21352000920271325,-0.1089961493601485,-0.12337954204337044,-0.16459819563008174,0.21741131984726964,-0.08058078195458424,-0.09151400196183203,
0.20168084506856393,-0.09894867366183703,-0.1251163777286715,-0.0927596815230096,0.2032362663921662,-0.11702902411092654,-0.16122913151482512,0.0
0.19182460220524872,-0.2084991432985661,-0.15461124211088115,0.009686493725657119,0.29069431424873093,-0.07423517855156635,-0.07044902585934973,1.0
0.22725613377762235,-0.1927922621241774,-0.19391891218046892,-0.0060196658376161635,0.2002401752232397,0.012662163215621807,-0.16711068764125356,2.0
0.2530320650018551,-0.10716321048613045,-0.13577509466234755,-0.0012021679799880966,0.19926146867007305,-0.08427401225847123,-0.21929198094113458,0.0
0.05181853997884963,0.27229266013717673,-0.05125395044979416,0.007418614915084424,-0.15393492009496695,-0.28045602325316954,0.18282529117095864,1.0
0.08188482300076326,0.18608588718249094,0.13440478103849177,0.23195589058264393,-0.2134100128300813,-0.12952636208695736,0.022732243278571363,1.0
0.05495237152025898,0.1696117333765909,-0.01205321505043784,0.15382967014707674,-0.21015976496005984,-0.23272179146518585,0.16667145348038995,2.0
0.23198064156190726,-0.1464218334486119,-0.17987893395713847,-0.06928066700646661,0.17636939744199145,-0.059840904334934705,-0.13622762224894952,0.0
-0.22463587458162468,-0.027254902011986885,0.194915822072079,-0.17152410050635805,0.15084753358119152,0.21396591204887278,0.016855855197887085,0.0
0.1154696946679764,0.2268846033492266,0.07977391113397189,0.11391865249032815,-0.14526899408493918,-0.25941321761452035,0.05927092665903734,
0.04318936116081216,0.23805502461532926,0.028604908478554653,0.17979293790700548,-0.2545079827564814,-0.2032638530840303,0.052585931997786786,2.0
0.13895273629380514,0.25456553143588767,0.03147281588586042,0.12928838274527604,-0.14551578355996334,-0.2735245345192831,-0.026680215559924187,
-0.1808843713757664,-0.08474004900449564,0.20353049864254666,-0.13970783128696976,0.16280114751779703,0.19664126649327687,-0.03169483567914774,2.0
-0.1762533094491167,-0.03494203920287592,0.22629280693380752,-0.19036363269176695,0.0937120891723462,0.24997697097533877,-0.028459151574747953,1.0
0.058071765636680206,0.13970452020147067,0.0730144307189403,0.19542954544835572,-0.11730464338605574,-0.217230702911626,0.19924439169687128,
-0.2189866592782299,-0.009294200095316488,0.1675836220869142,-0.13686935435946582,0.13039722283412164,0.24404491462000935,0.09282402672594253,0.0
0.10650640254966756,0.15972337142110543,0.01860992130338349,0.1062049052031596,-0.16160711815074744,-0.2451646150573713,0.20218366631456516,1.0
0.10577927257045301,0.18382141845420794,-0.011750653132494094,0.16639114661148272,-0.1498329260556578,-0.21026539618362422,0.1721591869920803,2.0
0.06116870067637891,0.23114181097281836,0.09328667175155507,0.13794318602888636,-0.1855937167323923,-0.19514620541767425,0.09571970842029486,1.0
0.18821765977014945,-0.15138824738767873,-0.1750385520853762,-0.12224592399278293,0.15948667859770815,-0.004930196592243223,-0.19869274157406136,2.0
-0.21451251662536452,-0.06831985760114213,0.17254376931369927,-0.17620757563852799,0.15719210045035917,0.15334479312341717,0.05787938724748972,2.0
-0.1646355349884962,-0.11027411025526825,0.18734479686345165,-0.08205099026307812,0.11435743534372701,0.300756239434646,0.04058089285133279,1.0
0.04799640021594848,0.16712754261490706,0.08553038191879495,0.15940540666492606,-0.21514400517932902,-0.23641404671492047,0.08838221669117395,2.0
0.1892672913473378,-0.16350863449108427,-0.12639828589906552,-0.08952947849127721,0.24494680337259803,-0.02039154615977151,-0.16595796023886566,0.0
-0.18252440135034378,-0.09573987626749103,0.226184791591444,-0.1220053495115177,0.17113568866976595,0.19936498473362227,-0.003044907875815414,1.0
0.17912473111922397,-0.10263522851876009,-0.16974679130135517,-0.15210112115389846,0.1872291197727018,-0.028627809085464563,-0.18053519904859605,1.0
0.2754857052019542,-0.17860372489177814,-0.17531899379517488,0.03888944355306633,0.19143546767244923,-0.09201714583926834,-0.048249519046308864,2.0
0.2720442285766019,-0.21631936842670968,-0.16171712516253284,-0.05322570997830639,0.11002437109183098,-0.006444531072564899,-0.18022466569145326,2.0
0.12159045641596317,0.24107076274805975,0.00878293075724902,0.17818621205948493,-0.18518037740586235,-0.18355630621496372,0.08163295439841718,2.0
0.2787494651959009,-0.08153248498397427,-0.11109767204653503,-0.14671480426209377,0.1997383717789979,-0.04411576747382023,-0.13805143425867805,2.0
-0.24239701828026924,-0.10076196400651637,0.13326303682804994,-0.13588479348791746,0.1189886135520462,0.24164903645442784,-0.027055537390773,
0.23003217197912798,-0.1690737904261194,-0.20781423337995547,-0.059687334400139076,0.25324059045856023,-0.06643783955515659,-0.013714039800941267,2.0
0.23169870846951107,-0.06938460508363821,-0.10650129365921132,-0.0622205336723098,0.31828224865782706,-0.05005519201475115,-0.1618574184427515,0.0
-0.1818849349259537,-0.04941250369943868,0.22254761195382133,-0.2089479146126029,0.11392597601803806,0.19076066607410944,-0.032520392716035934,0.0
0.25117572878833133,-0.020596857872252763,-0.18864982109737483,0.03156676929147947,0.24544817916481676,-0.1229713270277286,-0.13959131675801617,0.0
0.18992984075903982,-0.16185524407852236,-0.13311597777441198,-0.06510603304369457,0.17853845961820977,-0.07198964151508003,-0.1994648032110415,0.0
0.08365128160014816,0.19075480091865313,-0.044568492122152824,0.08723446140207403,-0.19578443982999075,-0.2477251375443987,0.15028138658258247,1.0
0.06884290657321986,0.21772815097710693,-0.015576930458873765,0.12084872219996064,-0.21684844490760313,-0.18887564392320794,0.17127920096002766,0.0
0.09540725841402532,0.1385365746391405,0.025990147284127425,0.21172222965815277,-0.1645329922165518,-0.17618110152837818,0.18762969625962397,2.0
0.055455965533222205,0.14738014551979572,0.08758232403479314,0.1899842275975436,-0.19869795203081053,-0.1867858227827539,0.13411356250108084,0.0
0.17989120614904466,-0.13488592597032242,-0.16408637686383204,-0.11111632559742138,0.16141061935206286,-0.07979805057395657,-0.1688114954933601,2.0
0.07590671227927118,0.1975512845688166,0.03429908421904546,0.12011549767062273,-0.16466853719973118,-0.2508823216204457,0.15657656244206708,1.0
-0.22513629342582633,-0.02835639857955568,0.20321945811528827,-0.16056815914928835,0.1266642578097872,0.2221269542164916,0.033928478703762595,1.0
0.2136585514675292,-0.19173613913498527,-0.1384806035980279,-0.1116767412980569,0.13893377962800524,-0.07091965988629416,-0.1345945249871014,
0.09502499912653405,0.24039897103036864,0.0767512082924036,0.1122283693337159,-0.1668027247286438,-0.21410127413515423,0.0946924533531798,0.0
0.19241600434499775,-0.18007760894516325,-0.11588102822667608,-0.10783223877414437,0.17007580566562747,-0.06083741235282392,-0.17287990169056702,2.0
0.12738651276037835,0.17144372849291795,-0.04934988575592925,0.00989449841219914,-0.22108696822870244,-0.26743220031662757,0.15340620603324537,2.0
0.21124382330097813,-0.16258804145458883,-0.11625966700671538,-0.17022678719830417,0.1524796775804634,-0.06313650437857776,-0.12406549908037234,2.0
0.2004605974586282,-0.1426502411477025,-0.17866743250956207,-0.07008565334475146,0.22544794796073075,-0.12135475171523974,-0.06133337586338513,1.0
0.22674435679331892,-0.1614850928051052,-0.19895834612330227,0.05009084927324007,0.215374855605691,-0.0828068498729233,-0.06453964952641936,1.0
0.1744546300295904,-0.24286732367023245,-0.10657738825104478,-0.1236020318789563,0.17751656485968692,-0.05386578550388744,-0.12111627580660154,0.0
0.029877220283498433,0.20463306487000713,-0.002842035412403286,0.1924612497105217,-0.16950806181933337,-0.28956949740363946,0.1111088705005966,0.0
-0.17670892383041406,-0.07738373350801522,0.19083114952280797,-0.20282046257725211,0.1256166448956438,0.18852075438656188,0.03811833127930488,0.0
-0.14505136732343557,-0.05781040449657603,0.12324273798147793,-0.2652494207400504,0.1810031771234428,0.21573934572390996,-0.011903546611107357,1.0
0.10031123357432116,0.24647952428382802,-0.027232637398190304,0.12073892567029844,-0.19123153603415385,-0.2696012502270111,0.044404892812197,1.0
0.2283155094320534,-0.1280694915651344,-0.15273344428255378,-0.03201647407711459,0.203930186594086,-0.05940002076826082,-0.19553487328079705,0.0
0.020228572028353212,0.13479298497031594,0.07105215499136978,0.19967539935635117,-0.20111564213350497,-0.2407132821407022,0.13242196437940276,2.0
0.10687793410493078,0.232601018495373,0.05438360267043296,0.041438771214986535,-0.27311442956339554,-0.20112575532747654,0.09045848862340469,2.0
0.22009725920112572,-0.1798315388444009,-0.1706652443437121,-0.04665655962225588,0.1461673517219237,-0.041525636630636464,-0.1950564096359451,2.0
-0.13504939733309956,-0.09148955477987264,0.16026205502550517,-0.23043726005268564,0.17257124795208442,0.19062128410133833,0.019569200755414115,1.0
-0.20178769692700754,-0.12476742436053546,0.15862890530206608,-0.14881142685126075,0.12923330021921872,0.2253305383725837,0.011440707967327646,1.0
0.09180492467430025,0.18258643250208642,0.04703087901437888,0.1302415240682551,-0.18210783533764974,-0.2287499501295974,0.13747845427373218,2.0
-0.18063299233248065,-0.08441657986328854,0.19994449188701627,-0.1532461792761896,0.1698429419567296,0.20152897638320522,-0.010387838301090099,1.0
-0.1878501362787244,-0.08150385399339499,0.20721712960165692,-0.11819326161253053,0.13416814217258535,0.21952931405420906,-0.05153816228689878,1.0
0.1577498111669053,-0.10987137675742631,-0.1655515672941821,-0.03472783325009243,0.23965518012049888,-0.06227687839773545,-0.23016735301315958,0.0
-0.20435960561790498,-0.061939771536759426,0.17629147857807007,-0.17864133566813825,0.1658261848656361,0.17524737485820038,-0.037694248875290895,2.0
0.23551672036656598,-0.1570799911395138,-0.14586341336425665,-0.03208956329862442,0.21002632290154613,-0.04432071577250313,-0.17510327315698967,1.0
-0.11678107356862923,-0.0618072519672294,0.165778713948413,-0.13960206867492145,0.1501503198663741,0.21582536200666644,0.15005520996776642,1.0
-0.23799500497525816,-0.030612254060386344,0.06799400170557839,-0.1418224309511089,0.19097182630442963,0.2343192216852542,0.0962852603179844,2.0
0.2197447138031934,-0.13325249703876757,-0.16804876480366882,-0.0548917614235928,0.1563547529181205,-0.060244502941317224,-0.20746300707133966,1.0
0.22804714233488196,-0.1258105172234441,-0.1585905942395459,-0.03538066853049007,0.23169319689549328,-0.0357440316101892,-0.18473384916595548,
-0.1903930614141039,-0.05770188688807935,0.1737165065381241,-0.17885436132373095,0.1501291504826207,0.17560368736696222,0.07360134598637902,1.0
0.1822210533257212,-0.18865253897163534,-0.15227479238408004,-0.07268651904210507,0.18790450132013545,-0.09911230600222512,-0.1171482889540979,2.0
0.22016476639197602,-0.12378733427608896,-0.1908353706707717,-0.13201829740812945,0.1594703484021312,-0.07028632714944683,-0.10343755570145587,1.0
0.052765941703573405,0.2719400562407021,0.07674012365437555,0.1744966614087921,-0.15673867781922865,-0.18530762832346245,0.08201091084986559,1.0
0.2374936270720408,-0.11482580249613118,-0.17105774093728818,-0.0669348895174685,0.24152478772206348,-0.07588713546683794,-0.0922760167881699,
0.17434568582763837,-0.17929243790353358,-0.14705334547005702,-0.05640838195049315,0.2601384880620029,-0.06872984895325113,-0.11403181183302392,0.0
0.23404455792390896,-0.1306913902045737,-0.19199442870159092,-0.08236150098516892,0.21090759934587217,-0.05300441208860964,-0.09699611075027556,1.0
0.25515485324822823,-0.22889327265561882,-0.14800403091494088,0.003187269655914751,0.1186409624506174,-0.061163915284899374,-0.18495569578978052,0.0
-0.15564472136878416,-0.10738942167096757,0.1948844542021086,-0.20792946114933844,0.13698289271164482,0.18625570377922276,0.010913345117933744,0.0
-0.17685016306507562,-0.09705728424723345,0.17862120342879784,-0.11750330326614272,0.1873527759599347,0.23631052285923757,-0.006304747173578144,2.0
-0.19337021124977324,-0.045219412707315804,0.14170522341593278,-0.1923172397726603,0.1994617819370452,0.22497483898643705,-0.0029512919308356256,1.0
0.2518280609170787,-0.16557004370974193,-0.07431619488941729,-0.03243708078695265,0.29731954992659904,-0.11008613212124015,-0.06844293764897018,0.0
-0.21282646257554594,-0.04934834861445533,0.29473675172547925,-0.15325382538491497,0.07001049930427858,0.19414811361132217,0.025675998784003708,2.0
0.03436715539508487,0.2766965388529518,-0.06107884299760103,0.12366180039644575,-0.19198008264733815,-0.23774045528324317,0.07447512442733521,1.0
0.08976259697831238,0.2121538209868782,0.07922512564336862,0.12612833633438755,-0.12040843012909337,-0.2024178277913073,0.16990386213665257,
0.18833415015321844,-0.1699785261535874,-0.11980508430255753,-0.07490852482193473,0.2104588998808867,-0.06858501987994498,-0.16792979480787007,2.0
0.2228086399837039,-0.18217641011993715,-0.1516204198434843,-0.10768467357240855,0.14623328753177073,-0.05560310990706591,-0.13387345904162956,1.0
0.17166223283196055,-0.1238936391667991,-0.1449427719315648,-0.13874830316633835,0.19655764584952498,-0.058398408944198954,-0.16579699810961332,1.0
-0.13193430554442787,-0.08871503978560459,0.1386940875077334,-0.1718743760025323,0.1652033644060122,0.21041597064648,-0.09316285610720963,2.0
0.1537945550145719,-0.1273669376671758,-0.1709629651084266,-0.0799181272018046,0.21035696936798226,-0.0806733138233477,-0.17692713181669117,1.0
0.17830846669350034,-0.13337386391039016,-0.1599128140478707,-0.005147274706486846,0.1809811197982596,-0.10439907898737776,-0.23787738185611448,1.0
0.066231423885609,0.19493784861623462,0.03167992555426359,0.14600499711775108,-0.1839892090999418,-0.19883184700520015,0.17832474872099985,1.0
0.16296901525447072,-0.18568524722018281,-0.09131950380536098,-0.06283190682045652,0.2463664769684119,-0.045527700520008894,-0.2053001494111082,2.0
0.07975431699859914,0.1814586609230969,0.015304779791416461,0.12096896546901548,-0.2125253773344659,-0.304183380406626,0.08580451907678018,1.0
-0.0032945619840188153,0.27196505033248186,0.04108801421681603,0.13399203709902247,-0.19756562928179286,-0.23835845692750837,0.11373625015835959,1.0
-0.29130025091390155,-0.03984053035659632,0.14517274326591348,-0.021744009092970057,0.21172398867050315,0.28145625305565874,0.008762224644456655,2.0
0.15875195274479462,-0.1712200789554938,-0.09381664551660357,-0.044842311200573956,0.2444503500728732,-0.08729788649233894,-0.19962077501732187,2.0
-0.21501379378693505,-0.05123664986377776,0.17366354365444212,-0.05565247203781699,0.18186870142698947,0.24204385146777257,0.08052098776226602,2.0
-0.2800027124833442,0.00924395767820394,0.16739156449634934,-0.17303172850546852,0.13306149162536854,0.1748524399123869,0.062416105298878366,
-0.20642904789033262,-0.07121093287635726,0.16912154968211784,-0.11238283258667152,0.14392850384228278,0.2224283359242996,0.07449879719793837,1.0
-0.22279173750647815,-0.084081167430232,0.2075641371751821,-0.14017777277381807,0.15990770755471534,0.18078743411721582,-0.004690043442358423,0.0
0.3040991947982076,-0.11272179022363805,-0.1515565883294605,-0.0002576465949864526,0.2344681358378123,-0.02692936145919247,-0.16996728275670261,2.0
0.18155542705890712,-0.1421384719590192,-0.11246106678836786,-0.2126672402715832,0.21318478085164777,-0.07403107512723665,-0.06396193794323818,
0.10225711372437273,0.1403766748212307,0.04077095594677134,0.20297249252997976,-0.2037884013149753,-0.17997276301892187,0.1298615986437483,0.0
0.07758243107985868,0.1390872037483631,0.04674473011276824,0.17531027157280601,-0.20482189718627972,-0.19139289992036695,0.1650605663795572,0.0
-0.21289772292037948,-0.10505348975227013,0.15133393632286038,-0.11344108101696004,0.18368440883958465,0.2031005125918377,0.0304888485561076,0.0
-0.21604571000227746,-0.040626771062349486,0.20521860516404827,-0.18185085967219086,0.15070213775315128,0.16304894382619836,0.042506972519784254,0.0
-0.18943550032679604,-0.049086788345285334,0.21986652243202257,-0.15059152766921013,0.16783782014080179,0.20267922091249477,-0.020502620173389278,0.0
0.2706878531832973,-0.17123577211233368,-0.19898921192730737,-0.11585141802883513,0.06446998717689273,-0.049981460417717734,-0.12878429715361608,0.0
0.19484058395058293,-0.12646533225704373,-0.11708634789272365,-0.14065482580652672,0.1859672779082917,-0.11491507428712686,-0.12007055789770452,2.0
0.08671551535838555,0.19988948920527855,0.0379774426101938,0.25548816863803336,-0.21703255061053806,-0.17591180999587996,0.02698502358169056,
0.28394361425378684,-0.14189671692543265,-0.12072790560147735,-0.03232560430108886,0.2080425659991827,-0.015920303085865818,-0.1971432898331656,2.0
0.23444841268337538,-0.11132390070504498,-0.2342014668199502,-0.07869767422924237,0.23178640302130157,-0.014646091458537295,-0.09489605108254823,0.0
0.020065729948671066,0.2830763162285213,0.07661841347096446,0.16279805906635578,-0.14647998249289615,-0.22494690605989204,0.08601459273269928,2.0
0.22166519687401948,-0.12428518459504538,-0.12024461438737948,-0.06302909993089754,0.19947869796279713,-0.10188899744298453,-0.16940820880687646,2.0
-0.17572554997088838,-0.06755864740528221,0.16572507429240152,-0.06754781675835314,0.20248845912074095,0.2785510023056046,0.04240345014672929,0.0
0.06693858445418603,0.16963002145065445,-0.01700158624053544,0.10051045940873053,-0.272076298505296,-0.1639705470446714,0.20987250289592613,1.0
0.11619548716274963,0.18505857460785086,0.07086804313367037,-0.03925928193099078,-0.33973756437965935,-0.2020014761666692,0.04687957261840973,2.0
,,,,,,,2.0
,,,,,,,2.0
,,,,,,,2.0
,,,,,,,0.0
,,,,,,,0.0
,,,,,,,0.0
,,,,,,,2.0
,,,,,,,2.0
,,,,,,,1.0
,,,,,,,0.0
,,,,,,,2.0
,,,,,,,0.0
,,,,,,,1.0
,,,,,,,2.0
,,,,,,,0.0
,,,,,,,2.0
,,,,,,,1.0
,,,,,,,1.0
,,,,,,,1.0
,,,,,,,0.0
,,,,,,,1.0
,,,,,,,0.0
,,,,,,,2.0
,,,,,,,1.0
,,,,,,,1.0
,,,,,,,1.0
,,,,,,,2.0
,,,,,,,2.0
,,,,,,,2.0
,,,,,,,1.0
,,,,,,,0.0
,,,,,,,2.0
,,,,,,,1.0
,,,,,,,2.0
,,,,,,,2.0
,,,,,,,1.0
,,,,,,,0.0
,,,,,,,0.0
,,,,,,,1.0
,,,,,,,0.0
,,,,,,,2.0
,,,,,,,1.0
,,,,,,,2.0
,,,,,,,2.0
,,,,,,,2.0
,,,,,,,2.0
